model,accuracy,precision_churned,recall_churned,f1_churned,precision_not_churned,recall_not_churned,f1_not_churned,auc_score
MLP,0.8430232558139535,0.8875,0.8632218844984803,0.8751926040061634,0.7704081632653061,0.8074866310160428,0.7885117493472585,0.9128781106252946
