model,accuracy,precision_churned,recall_churned,f1_churned,precision_not_churned,recall_not_churned,f1_not_churned,auc_score
LSTM,0.8546511627906976,0.8944099378881988,0.8753799392097265,0.8847926267281105,0.788659793814433,0.8181818181818182,0.8031496062992126,0.9181769419566667
